StudentID,Department,CGPA,ChatGPT_Usage_Frequency_Per_Week,Average_Session_Duration_Minutes,Reason_For_Using_ChatGPT,Aptitude_Score
1,EXTC,7.55,2,16,saves time,4
2,IT,7.23,17,119,saves time,1
3,EXTC,8.11,13,62,no idea,2
4,EXTC,6.65,17,18,better answers,0
5,IT,5.42,1,91,no idea,0
6,IT,7.5,2,57,better answers,3
7,EXTC,7.66,15,54,better answers,4
8,Comp,6.96,8,89,better answers,3
9,EXTC,7.7,3,100,better answers,5
10,EXTC,6.73,0,89,better answers,4
11,EXTC,6.83,3,116,saves time,4
12,EXTC,6.5,0,61,no idea,3
13,IT,5.09,13,22,saves time,0
14,EXTC,5.38,20,8,better answers,0
15,Comp,5.11,15,11,no idea,0
16,IT,7.23,19,116,better answers,1
17,Comp,6.1,7,0,no idea,0
18,Comp,6.78,6,57,saves time,3
19,Comp,8.18,2,0,no idea,3
20,Comp,5.87,16,110,no idea,0
21,IT,6.44,0,33,no idea,2
22,IT,7.64,15,95,no idea,1
23,Comp,5.8,11,117,no idea,0
24,Comp,5.27,18,47,better answers,0
25,IT,6.01,13,88,no idea,0
26,IT,5.56,5,103,no idea,0
27,IT,8.25,5,108,saves time,4
28,EXTC,7.83,12,116,no idea,3
29,EXTC,7.22,18,0,saves time,1
30,EXTC,8.05,7,15,better answers,5
31,Comp,7.81,1,60,no idea,3
32,EXTC,5.65,20,102,saves time,0
33,Comp,8.12,0,63,saves time,5
34,Comp,6.89,14,62,better answers,1
35,EXTC,7.83,0,68,no idea,3
36,Comp,8.14,4,21,no idea,6
37,EXTC,6.11,15,92,saves time,0
38,EXTC,5.39,18,118,no idea,0
39,IT,5.8,3,66,saves time,0
40,EXTC,6.49,2,75,no idea,0
41,IT,7.86,16,25,saves time,2
42,EXTC,8.01,16,15,no idea,2
43,EXTC,5.02,11,50,better answers,0
44,IT,6.79,13,100,no idea,0
45,IT,6.46,20,85,no idea,0
46,EXTC,5.78,5,56,better answers,1
47,Comp,5.42,2,28,no idea,0
48,IT,6.18,8,77,better answers,2
49,Comp,8.3,4,91,no idea,5
50,Comp,6.13,16,68,saves time,0
51,Comp,6.82,13,46,saves time,0
52,IT,7.46,20,112,no idea,0
53,Comp,6.27,2,93,no idea,2
54,IT,8.4,0,109,no idea,5
55,Comp,8.37,19,61,saves time,3
56,EXTC,5.88,20,115,no idea,0
57,EXTC,6.74,0,68,saves time,5
58,IT,6.05,2,75,better answers,1
59,EXTC,6.0,17,15,saves time,0
60,EXTC,5.13,9,89,saves time,0
61,Comp,7.13,2,89,better answers,3
62,IT,6.76,7,47,saves time,2
63,Comp,5.18,13,84,no idea,0
64,Comp,5.98,17,38,no idea,0
65,Comp,8.18,14,99,saves time,4
66,Comp,5.84,1,32,no idea,1
67,Comp,5.51,9,93,saves time,1
68,Comp,6.71,1,100,no idea,2
69,Comp,8.45,16,22,no idea,2
70,IT,5.85,7,9,saves time,2
71,EXTC,7.35,0,117,no idea,2
72,Comp,7.67,8,68,saves time,3
73,Comp,5.83,10,99,no idea,0
74,Comp,7.55,15,33,no idea,0
75,Comp,6.29,6,51,better answers,2
76,Comp,7.21,9,94,better answers,2
77,Comp,7.22,2,9,saves time,1
78,EXTC,6.88,17,18,better answers,1
79,EXTC,5.32,12,57,saves time,0
80,Comp,7.92,6,95,better answers,6
81,EXTC,6.12,3,0,no idea,0
82,IT,5.65,12,119,saves time,1
83,Comp,5.14,19,68,saves time,0
84,IT,7.07,0,108,no idea,2
85,IT,7.37,7,3,saves time,5
86,Comp,5.06,13,15,saves time,0
87,EXTC,6.79,15,23,better answers,1
88,IT,5.79,13,79,saves time,0
89,Comp,7.26,11,118,no idea,1
90,IT,5.61,18,1,better answers,0
91,IT,7.42,14,112,better answers,3
92,IT,6.35,1,91,no idea,3
93,IT,8.28,1,31,no idea,5
94,EXTC,5.48,18,90,better answers,0
95,IT,6.19,16,83,saves time,0
96,IT,5.4,19,23,better answers,0
97,IT,8.24,9,11,no idea,3
98,EXTC,8.07,5,49,better answers,6
99,IT,5.9,14,34,no idea,0
100,IT,7.31,10,32,better answers,3
101,EXTC,7.86,4,32,saves time,5
102,EXTC,6.94,0,60,better answers,5
103,EXTC,6.85,7,50,better answers,3
104,IT,5.85,20,42,no idea,0
105,EXTC,5.33,11,100,no idea,0
106,EXTC,8.14,11,11,no idea,4
107,IT,8.15,4,66,better answers,6
108,EXTC,7.22,6,64,saves time,2
109,IT,6.19,3,32,no idea,1
110,Comp,6.22,5,39,no idea,0
111,EXTC,7.54,12,73,better answers,5
112,Comp,8.14,19,42,no idea,0
113,IT,8.1,14,43,saves time,5
114,EXTC,7.73,2,28,saves time,4
115,IT,7.25,7,12,no idea,3
116,Comp,5.29,19,11,no idea,0
117,IT,5.57,15,94,better answers,0
118,EXTC,8.14,12,45,saves time,4
119,EXTC,7.12,17,1,saves time,2
120,Comp,5.03,9,114,no idea,0
121,IT,5.36,18,113,better answers,0
122,IT,6.61,5,54,better answers,4
123,IT,8.18,7,27,better answers,6
124,Comp,6.6,6,31,saves time,3
125,Comp,6.54,9,49,saves time,3
126,IT,7.89,9,6,saves time,6
127,Comp,8.49,7,28,better answers,7
128,IT,8.29,1,7,saves time,7
129,Comp,7.65,8,0,saves time,6
130,IT,8.33,0,56,better answers,8
131,IT,6.51,7,54,saves time,3
132,IT,8.45,3,2,saves time,8
133,Comp,7.48,3,23,better answers,6
134,Comp,7.95,4,22,better answers,7
135,Comp,8.14,7,58,better answers,6
136,IT,7.94,4,7,saves time,6
137,Comp,7.57,7,53,saves time,5
138,Comp,7.45,9,56,saves time,4
139,IT,8.18,0,46,better answers,6
140,EXTC,6.91,9,36,better answers,4
141,IT,8.44,8,2,saves time,7
142,Comp,7.92,5,50,saves time,5
143,IT,6.9,2,32,better answers,4
144,EXTC,7.97,7,27,better answers,6
145,IT,7.56,8,46,better answers,6
146,Comp,7.91,5,7,better answers,6
147,EXTC,8.04,6,33,saves time,7
148,Comp,6.67,0,34,better answers,3
149,EXTC,7.51,4,31,saves time,6
150,EXTC,8.36,4,23,saves time,7
151,IT,7.14,9,13,saves time,4
152,IT,7.69,3,31,better answers,5
153,Comp,7.24,5,55,better answers,5
154,IT,7.41,6,45,better answers,5
155,IT,7.6,8,42,better answers,4
156,EXTC,7.6,0,15,saves time,6
157,IT,6.9,5,3,better answers,5
158,EXTC,7.87,6,51,better answers,5
159,EXTC,6.68,2,36,saves time,4
160,EXTC,6.78,7,53,better answers,4
161,Comp,6.51,4,20,saves time,4
162,Comp,6.73,8,13,saves time,4
163,Comp,7.45,4,30,saves time,4
164,EXTC,7.71,8,54,saves time,5
165,Comp,8.09,9,47,saves time,6
166,Comp,6.71,3,17,saves time,4
167,IT,8.2,8,6,saves time,6
168,Comp,7.99,4,9,saves time,6
169,Comp,7.32,9,6,better answers,5
170,EXTC,8.37,8,32,better answers,7
171,EXTC,8.48,2,22,better answers,8
172,EXTC,6.91,3,20,better answers,4
173,EXTC,7.26,8,18,saves time,3
174,EXTC,8.35,9,47,better answers,7
175,EXTC,7.94,5,18,saves time,5
176,Comp,6.6,1,35,better answers,4
177,EXTC,8.06,6,28,better answers,7
178,EXTC,8.16,1,59,better answers,6
179,IT,8.0,1,17,saves time,5
180,Comp,8.1,0,1,better answers,7
181,Comp,8.15,2,0,saves time,7
182,Comp,6.87,5,46,saves time,4
183,EXTC,6.97,7,4,better answers,3
184,EXTC,7.77,8,19,better answers,6
185,EXTC,8.32,6,10,better answers,7
186,IT,7.13,3,41,saves time,4
187,EXTC,7.68,5,1,better answers,6
188,IT,7.87,4,2,saves time,6
189,Comp,7.4,7,22,saves time,5
190,EXTC,7.93,0,54,better answers,7
191,IT,8.3,0,11,better answers,8
192,IT,7.75,5,19,saves time,6
193,EXTC,7.58,9,4,saves time,5
194,Comp,7.38,1,36,saves time,5
195,Comp,7.65,4,37,better answers,6
196,Comp,7.21,0,29,saves time,5
197,IT,7.28,6,8,better answers,5
198,IT,7.56,0,33,saves time,5
199,IT,6.63,3,52,saves time,3
200,IT,6.96,8,43,better answers,4
201,Comp,7.59,0,34,saves time,6
202,EXTC,7.36,3,51,better answers,6
203,IT,7.17,5,57,better answers,5
204,IT,7.96,5,21,saves time,5
205,Comp,7.89,7,43,better answers,6
206,EXTC,6.83,0,23,better answers,6
207,EXTC,8.26,6,16,saves time,6
208,Comp,7.49,0,9,better answers,5
209,Comp,7.98,6,29,better answers,6
210,EXTC,7.65,2,55,better answers,6
211,IT,8.5,7,58,saves time,7
212,EXTC,8.0,2,45,better answers,7
213,Comp,7.91,0,22,saves time,7
214,IT,8.06,7,31,saves time,6
215,IT,6.79,2,16,better answers,4
216,Comp,6.91,1,49,better answers,5
217,Comp,7.93,0,50,better answers,6
218,Comp,7.49,2,16,saves time,5
219,EXTC,8.01,1,13,better answers,7
220,EXTC,6.71,1,8,better answers,4
221,IT,7.57,5,39,better answers,6
222,Comp,7.26,0,1,better answers,5
223,IT,7.41,1,44,better answers,5
224,IT,7.71,5,24,saves time,6
225,IT,7.5,2,38,saves time,5
226,IT,7.58,3,8,better answers,6
227,Comp,7.47,0,53,better answers,6
228,IT,7.32,7,21,better answers,5
229,Comp,8.04,6,42,better answers,6
230,Comp,6.52,6,45,saves time,3
231,EXTC,7.7,2,3,better answers,6
232,Comp,7.63,9,25,saves time,5
233,EXTC,7.93,9,57,saves time,6
234,Comp,7.7,2,28,better answers,7
235,Comp,8.15,1,44,saves time,7
236,Comp,8.42,0,33,saves time,8
237,EXTC,7.19,6,22,saves time,5
